{"train_total": [617906.85546875, 54400.5634765625, 52079.4345703125, 48834.41015625, 46177.54296875], "train_recons": [73597.697265625, 53477.76953125, 51445.1103515625, 48011.0478515625, 45244.3740234375], "train_kl": [544309.1382598877, 922.7947998046875, 634.3231964111328, 823.3617095947266, 933.1691284179688], "test_total": [62101.51953125, 65468.193359375, 85053.455078125, 69736.830078125, 72699.3671875], "test_recons": [61642.9462890625, 65071.9921875, 84645.318359375, 69221.515625, 71647.79296875], "test_kl": [458.57293701171875, 396.1997756958008, 408.1357727050781, 515.3133239746094, 1051.5747985839844]}