{"train_total": [72503.691775, 67080.93537708334, 63534.9367375, 62622.188716666664, 62024.43108541667], "train_recons": [66042.96571041667, 66253.282475, 63125.00345416667, 62250.19998333333, 61692.81761041666], "train_kl": [6460.726331472142, 827.6529713053385, 409.93330528971353, 371.9886625325521, 331.6133948079427], "test_total": [4.760048740838794e+26, 64693.00084864217, 63447.3746879992, 62504.91935403355, 62152.815532647764], "test_recons": [6660346.108626198, 64257.850501697285, 63059.28440744808, 62175.07469299121, 61881.7776557508], "test_kl": [4.760048740838794e+26, 435.1502999497679, 388.0901900708866, 329.84464836729984, 271.03775263289674]}