{"train_total": [367.7960859049479, 356.8107308105469, 354.03673924153645, 352.1721888509115, 350.72415229492185], "train_recons": [361.75299684244794, 350.5894983235677, 347.7927414876302, 345.91526292317707, 344.47641552734376], "train_kl": [6.0430890201409655, 6.22123257039388, 6.243997830454508, 6.256925814565022, 6.247736598968506], "test_total": [358.59216415844026, 354.722909360648, 353.5924186340917, 354.7517630970135, 352.0991630188573], "test_recons": [352.54436768358124, 348.7467857092714, 347.29697357275234, 348.52042649729185, 346.03555522102135], "test_kl": [6.047796895328802, 5.976123514266821, 6.295445070480006, 6.231336729214214, 6.063608603736463]}